Workbook

Sheet Customers
A1: id | B1: full_name | C1: email | D1: registration_date | E1: city | F1: control_id
A2: 1 | B2: Omar Smith | C2: omar.smith@example.com | D2: 43833 | E2: San Diego | F2: =IF(COUNTIF($A:$A,A2)=1,"UNICO","DUPLICADO") -> UNICO
A3: 2 | B3: Tariq Gupta | C3: tariq.gupta@example.org | D3: 44804 | E3: Cape Town | F3: =IF(COUNTIF($A:$A,A3)=1,"UNICO","DUPLICADO") -> UNICO
A4: 3 | B4: Mateo Shah | C4: mateo.shah@example.net | D4: 43832 | E4: Jakarta | F4: =IF(COUNTIF($A:$A,A4)=1,"UNICO","DUPLICADO") -> UNICO
A5: 4 | B5: Paula Flores | C5: paula.flores@example.org | D5: 43971 | E5: Cape Town | F5: =IF(COUNTIF($A:$A,A5)=1,"UNICO","DUPLICADO") -> UNICO
A6: 5 | B6: Karim Brown | C6: karim.brown@example.net | D6: 44176 | E6: Kyoto | F6: =IF(COUNTIF($A:$A,A6)=1,"UNICO","DUPLICADO") -> UNICO
A7: 6 | B7: Fatima Wang | C7: fatima.wang@example.com | D7: 44189 | E7: Oslo | F7: =IF(COUNTIF($A:$A,A7)=1,"UNICO","DUPLICADO") -> UNICO
A8: 7 | B8: Alice Hassan | C8: alice.hassan@example.net | D8: 44160 | E8: Edinburgh | F8: =IF(COUNTIF($A:$A,A8)=1,"UNICO","DUPLICADO") -> UNICO
A9: 8 | B9: Mateo Johnson | C9: mateo.johnson@example.org | D9: 44490 | E9: Bogota | F9: =IF(COUNTIF($A:$A,A9)=1,"UNICO","DUPLICADO") -> UNICO
A10: 9 | B10: Ben Murphy | C10: ben.murphy@example.org | D10: 44528 | E10: Taipei | F10: =IF(COUNTIF($A:$A,A10)=1,"UNICO","DUPLICADO") -> UNICO
A11: 10 | B11: Olivia Garcia | C11: olivia.garcia@example.org | D11: 43978 | E11: Sydney | F11: =IF(COUNTIF($A:$A,A11)=1,"UNICO","DUPLICADO") -> UNICO
A12: 11 | B12: Priya Park | C12: priya.park@example.com | D12: 44874 | E12: Dublin | F12: =IF(COUNTIF($A:$A,A12)=1,"UNICO","DUPLICADO") -> UNICO
A13: 12 | B13: James Walker | C13: james.walker@example.com | D13: 44724 | F13: =IF(COUNTIF($A:$A,A13)=1,"UNICO","DUPLICADO") -> UNICO
A14: 13 | B14: Lena Sousa | C14: lena.sousa@example.com | D14: 44828 | E14: Cairo | F14: =IF(COUNTIF($A:$A,A14)=1,"UNICO","DUPLICADO") -> UNICO
A15: 14 | B15: Mohamed Ruiz | C15: mohamed.ruiz@example.com | D15: 44914 | F15: =IF(COUNTIF($A:$A,A15)=1,"UNICO","DUPLICADO") -> UNICO
A16: 15 | B16: Hana Schneider | C16: hana.schneider@example.net | D16: 44159 | E16: Boston | F16: =IF(COUNTIF($A:$A,A16)=1,"UNICO","DUPLICADO") -> UNICO
A17: 16 | B17: Elena Walker | C17: elena.walker@example.org | D17: 44336 | E17: Ankara | F17: =IF(COUNTIF($A:$A,A17)=1,"UNICO","DUPLICADO") -> UNICO
A18: 17 | B18: Hannah Kumar | C18: hannah.kumar@example.org | D18: 44738 | F18: =IF(COUNTIF($A:$A,A18)=1,"UNICO","DUPLICADO") -> UNICO
A19: 18 | B19: Hannah Novak | C19: hannah.novak@example.net | D19: 44269 | F19: =IF(COUNTIF($A:$A,A19)=1,"UNICO","DUPLICADO") -> UNICO
A20: 19 | B20: Elena Chen | C20: elena.chen@example.com | D20: 43908 | E20: Austin | F20: =IF(COUNTIF($A:$A,A20)=1,"UNICO","DUPLICADO") -> UNICO
A21: 20 | B21: Lena Schneider | C21: lena.schneider@example.com | D21: 44615 | E21: Edinburgh | F21: =IF(COUNTIF($A:$A,A21)=1,"UNICO","DUPLICADO") -> UNICO
A22: 21 | B22: Ethan Cruz | C22: ethan.cruz@example.org | D22: 44495 | E22: Istanbul | F22: =IF(COUNTIF($A:$A,A22)=1,"UNICO","DUPLICADO") -> UNICO
A23: 22 | B23: Sara Reyes | C23: sara.reyes@example.net | D23: 44661 | F23: =IF(COUNTIF($A:$A,A23)=1,"UNICO","DUPLICADO") -> UNICO
A24: 23 | B24: Fatima Novak | C24: fatima.novak@example.org | D24: 44464 | E24: Mumbai | F24: =IF(COUNTIF($A:$A,A24)=1,"UNICO","DUPLICADO") -> UNICO
A25: 24 | B25: Sofia Zhang | C25: sofia.zhang@example.net | D25: 44199 | F25: =IF(COUNTIF($A:$A,A25)=1,"UNICO","DUPLICADO") -> UNICO
A26: 25 | B26: Mila Garcia | C26: mila.garcia@example.com | D26: 44206 | E26: Toronto | F26: =IF(COUNTIF($A:$A,A26)=1,"UNICO","DUPLICADO") -> UNICO
A27: 26 | B27: Olivia Clark | C27: olivia.clark@example.com | D27: 44531 | E27: Nairobi | F27: =IF(COUNTIF($A:$A,A27)=1,"UNICO","DUPLICADO") -> UNICO
A28: 27 | B28: Felix Garcia | C28: felix.garcia@example.org | D28: 43878 | E28: Paris | F28: =IF(COUNTIF($A:$A,A28)=1,"UNICO","DUPLICADO") -> UNICO
A29: 28 | B29: Daniel Evans | C29: daniel.evans@example.com | D29: 44788 | E29: San Diego | F29: =IF(COUNTIF($A:$A,A29)=1,"UNICO","DUPLICADO") -> UNICO
A30: 29 | B30: Felix Nguyen | C30: felix.nguyen@example.net | D30: 44862 | E30: Munich | F30: =IF(COUNTIF($A:$A,A30)=1,"UNICO","DUPLICADO") -> UNICO
A31: 30 | B31: Ethan Demir | C31: ethan.demir@example.org | D31: 44060 | E31: Barcelona | F31: =IF(COUNTIF($A:$A,A31)=1,"UNICO","DUPLICADO") -> UNICO
A32: 31 | B32: Lina Kumar | C32: lina.kumar@example.com | D32: 44143 | E32: Auckland | F32: =IF(COUNTIF($A:$A,A32)=1,"UNICO","DUPLICADO") -> UNICO
A33: 32 | B33: Karim Wilson | C33: karim.wilson@example.com | D33: 44116 | E33: Copenhagen | F33: =IF(COUNTIF($A:$A,A33)=1,"UNICO","DUPLICADO") -> UNICO
A34: 33 | B34: Noah Mendes | C34: noah.mendes@example.net | D34: 44633 | E34: Denver | F34: =IF(COUNTIF($A:$A,A34)=1,"UNICO","DUPLICADO") -> UNICO
A35: 34 | B35: Chloe Diaz | C35: chloe.diaz@example.org | D35: 44477 | F35: =IF(COUNTIF($A:$A,A35)=1,"UNICO","DUPLICADO") -> UNICO
A36: 35 | B36: Ivan Hoffmann | C36: ivan.hoffmann@example.com | D36: 44474 | E36: Budapest | F36: =IF(COUNTIF($A:$A,A36)=1,"UNICO","DUPLICADO") -> UNICO
A37: 36 | B37: Sam Kowalski | C37: sam.kowalski@example.net | D37: 43887 | E37: Izmir | F37: =IF(COUNTIF($A:$A,A37)=1,"UNICO","DUPLICADO") -> UNICO
A38: 37 | B38: Uma Shah | C38: uma.shah@example.net | D38: 44851 | E38: Vienna | F38: =IF(COUNTIF($A:$A,A38)=1,"UNICO","DUPLICADO") -> UNICO
A39: 38 | B39: Yara Garcia | C39: yara.garcia@example.net | D39: 44466 | E39: London | F39: =IF(COUNTIF($A:$A,A39)=1,"UNICO","DUPLICADO") -> UNICO
A40: 39 | B40: Lina Gomez | C40: lina.gomez@example.org | D40: 44741 | E40: Jakarta | F40: =IF(COUNTIF($A:$A,A40)=1,"UNICO","DUPLICADO") -> UNICO
A41: 40 | B41: Jade Moreau | C41: jade.moreau@example.com | D41: 44753 | F41: =IF(COUNTIF($A:$A,A41)=1,"UNICO","DUPLICADO") -> UNICO
A42: 41 | B42: Emma Wagner | C42: emma.wagner@example.com | D42: 44402 | E42: Hamburg | F42: =IF(COUNTIF($A:$A,A42)=1,"UNICO","DUPLICADO") -> UNICO
A43: 42 | B43: James Meyer | C43: james.meyer@example.com | D43: 44871 | E43: Madrid | F43: =IF(COUNTIF($A:$A,A43)=1,"UNICO","DUPLICADO") -> UNICO
A44: 43 | B44: Nina Hassan | C44: nina.hassan@example.org | D44: 43994 | E44: Paris | F44: =IF(COUNTIF($A:$A,A44)=1,"UNICO","DUPLICADO") -> UNICO
A45: 44 | B45: Deniz Yilmaz | C45: deniz.yilmaz@example.org | D45: 44626 | E45: Singapore | F45: =IF(COUNTIF($A:$A,A45)=1,"UNICO","DUPLICADO") -> UNICO
A46: 45 | B46: Priya Walker | C46: priya.walker@example.org | D46: 43967 | E46: Helsinki | F46: =IF(COUNTIF($A:$A,A46)=1,"UNICO","DUPLICADO") -> UNICO
A47: 46 | B47: Ravi Walker | C47: ravi.walker@example.net | D47: 44585 | F47: =IF(COUNTIF($A:$A,A47)=1,"UNICO","DUPLICADO") -> UNICO
A48: 47 | B48: Maya Adams | C48: maya.adams@example.net | D48: 44575 | E48: Paris | F48: =IF(COUNTIF($A:$A,A48)=1,"UNICO","DUPLICADO") -> UNICO
A49: 48 | B49: Lina Smith | C49: lina.smith@example.org | D49: 44839 | E49: San Diego | F49: =IF(COUNTIF($A:$A,A49)=1,"UNICO","DUPLICADO") -> UNICO
A50: 49 | B50: Selin Schmidt | C50: selin.schmidt@example.org | D50: 44224 | E50: Stockholm | F50: =IF(COUNTIF($A:$A,A50)=1,"UNICO","DUPLICADO") -> UNICO
A51: 50 | B51: Sofia Bauer | C51: sofia.bauer@example.net | D51: 43956 | E51: Taipei | F51: =IF(COUNTIF($A:$A,A51)=1,"UNICO","DUPLICADO") -> UNICO
A52: 51 | B52: Isaac Clark | C52: isaac.clark@example.com | D52: 44547 | E52: Vienna | F52: =IF(COUNTIF($A:$A,A52)=1,"UNICO","DUPLICADO") -> UNICO
A53: 52 | B53: Karim Flores | C53: karim.flores@example.com | D53: 44839 | E53: Manila | F53: =IF(COUNTIF($A:$A,A53)=1,"UNICO","DUPLICADO") -> UNICO
A54: 53 | B54: Maja Lee | C54: maja.lee@example.com | D54: 44474 | E54: Vienna | F54: =IF(COUNTIF($A:$A,A54)=1,"UNICO","DUPLICADO") -> UNICO
A55: 54 | B55: Arjun Hassan | C55: arjun.hassan@example.org | D55: 44805 | E55: Montreal | F55: =IF(COUNTIF($A:$A,A55)=1,"UNICO","DUPLICADO") -> UNICO
A56: 55 | B56: Liam Ibrahim | C56: liam.ibrahim@example.org | D56: 43945 | E56: Santiago | F56: =IF(COUNTIF($A:$A,A56)=1,"UNICO","DUPLICADO") -> UNICO
A57: 56 | B57: Carla Hughes | C57: carla.hughes@example.org | D57: 43963 | E57: Vancouver | F57: =IF(COUNTIF($A:$A,A57)=1,"UNICO","DUPLICADO") -> UNICO
A58: 57 | B58: Jonas Hoffmann | C58: jonas.hoffmann@example.org | D58: 44801 | E58: Austin | F58: =IF(COUNTIF($A:$A,A58)=1,"UNICO","DUPLICADO") -> UNICO
A59: 58 | B59: Zoe Andersen | C59: zoe.andersen@example.net | D59: 44747 | E59: Ankara | F59: =IF(COUNTIF($A:$A,A59)=1,"UNICO","DUPLICADO") -> UNICO
A60: 59 | B60: Alice Bauer | C60: alice.bauer@example.org | D60: 44923 | F60: =IF(COUNTIF($A:$A,A60)=1,"UNICO","DUPLICADO") -> UNICO
A61: 60 | B61: Laura Mendes | C61: laura.mendes@example.com | D61: 44369 | F61: =IF(COUNTIF($A:$A,A61)=1,"UNICO","DUPLICADO") -> UNICO
A62: 61 | B62: Sofia Becker | C62: sofia.becker@example.org | D62: 44582 | E62: Munich | F62: =IF(COUNTIF($A:$A,A62)=1,"UNICO","DUPLICADO") -> UNICO
A63: 62 | B63: Fatima Adams | C63: fatima.adams@example.com | D63: 44078 | E63: Mexico City | F63: =IF(COUNTIF($A:$A,A63)=1,"UNICO","DUPLICADO") -> UNICO
A64: 63 | B64: Lucas Bennett | C64: lucas.bennett@example.net | D64: 44545 | E64: Amsterdam | F64: =IF(COUNTIF($A:$A,A64)=1,"UNICO","DUPLICADO") -> UNICO
A65: 64 | B65: Sara Wright | C65: sara.wright@example.com | D65: 44035 | E65: Jakarta | F65: =IF(COUNTIF($A:$A,A65)=1,"UNICO","DUPLICADO") -> UNICO
A66: 65 | B66: Lucas Zhang | C66: lucas.zhang@example.net | D66: 44090 | E66: Seoul | F66: =IF(COUNTIF($A:$A,A66)=1,"UNICO","DUPLICADO") -> UNICO
A67: 66 | B67: Sara Sousa | C67: sara.sousa@example.com | D67: 44927 | E67: Chicago | F67: =IF(COUNTIF($A:$A,A67)=1,"UNICO","DUPLICADO") -> UNICO
A68: 67 | B68: Ana Moreau | C68: ana.moreau@example.com | D68: 44230 | E68: Manila | F68: =IF(COUNTIF($A:$A,A68)=1,"UNICO","DUPLICADO") -> UNICO
A69: 68 | B69: Kai Weber | C69: kai.weber@example.org | D69: 44244 | E69: Chicago | F69: =IF(COUNTIF($A:$A,A69)=1,"UNICO","DUPLICADO") -> UNICO
A70: 69 | B70: Olivia Kumar | C70: olivia.kumar@example.com | D70: 44817 | E70: Prague | F70: =IF(COUNTIF($A:$A,A70)=1,"UNICO","DUPLICADO") -> UNICO
A71: 70 | B71: Daniel Chen | C71: daniel.chen@example.net | D71: 44846 | E71: Oslo | F71: =IF(COUNTIF($A:$A,A71)=1,"UNICO","DUPLICADO") -> UNICO
A72: 71 | B72: Daniel Park | C72: daniel.park@example.net | D72: 44317 | E72: Seattle | F72: =IF(COUNTIF($A:$A,A72)=1,"UNICO","DUPLICADO") -> UNICO
A73: 72 | B73: Laura Young | C73: laura.young@example.net | D73: 44764 | E73: Budapest | F73: =IF(COUNTIF($A:$A,A73)=1,"UNICO","DUPLICADO") -> UNICO
... A92: 91 | B92: Carlos Vargas | C92: carlos.vargas@example.org | D92: 43960 | E92: Oslo | F92: =IF(COUNTIF($A:$A,A92)=1,"UNICO","DUPLICADO") -> UNICO
A93: 92 | B93: Daniel Bennett | C93: daniel.bennett@example.org | D93: 44075 | F93: =IF(COUNTIF($A:$A,A93)=1,"UNICO","DUPLICADO") -> UNICO
A94: 93 | B94: Theo Cruz | C94: theo.cruz@example.org | D94: 44436 | E94: Denver | F94: =IF(COUNTIF($A:$A,A94)=1,"UNICO","DUPLICADO") -> UNICO
A95: 94 | B95: Hana Diaz | C95: hana.diaz@example.net | D95: 44555 | F95: =IF(COUNTIF($A:$A,A95)=1,"UNICO","DUPLICADO") -> UNICO
A96: 95 | B96: Ravi Torres | C96: ravi.torres@example.org | D96: 44396 | E96: Vancouver | F96: =IF(COUNTIF($A:$A,A96)=1,"UNICO","DUPLICADO") -> UNICO
A97: 96 | B97: Andre Miller | C97: andre.miller@example.net | D97: 44517 | E97: Munich | F97: =IF(COUNTIF($A:$A,A97)=1,"UNICO","DUPLICADO") -> UNICO
A98: 97 | B98: Hana Hoffmann | C98: hana.hoffmann@example.com | D98: 44259 | E98: Hamburg | F98: =IF(COUNTIF($A:$A,A98)=1,"UNICO","DUPLICADO") -> UNICO
A99: 98 | B99: Ibrahim Young | C99: ibrahim.young@example.org | D99: 43839 | E99: Manila | F99: =IF(COUNTIF($A:$A,A99)=1,"UNICO","DUPLICADO") -> UNICO
A100: 99 | B100: Mateo Patel | C100: mateo.patel@example.net | D100: 44544 | E100: Tokyo | F100: =IF(COUNTIF($A:$A,A100)=1,"UNICO","DUPLICADO") -> UNICO
A101: 100 | B101: Mila Diaz | C101: mila.diaz@example.com | D101: 44440 | E101: Munich | F101: =IF(COUNTIF($A:$A,A101)=1,"UNICO","DUPLICADO") -> UNICO
A102: 101 | B102: Tariq Johnson | C102: tariq.johnson@example.org | D102: 43904 | E102: Prague | F102: =IF(COUNTIF($A:$A,A102)=1,"UNICO","DUPLICADO") -> UNICO
A103: 102 | B103: Mila Hughes | C103: mila.hughes@example.com | D103: 44118 | E103: London | F103: =IF(COUNTIF($A:$A,A103)=1,"UNICO","DUPLICADO") -> UNICO
A104: 103 | B104: Sara Bauer | C104: sara.bauer@example.com | D104: 44666 | E104: Stockholm | F104: =IF(COUNTIF($A:$A,A104)=1,"UNICO","DUPLICADO") -> UNICO
A105: 104 | B105: Sam Silva | C105: sam.silva@example.com | D105: 44558 | E105: Stockholm | F105: =IF(COUNTIF($A:$A,A105)=1,"UNICO","DUPLICADO") -> UNICO
A106: 105 | B106: Carla Kaya | C106: carla.kaya@example.org | D106: 44609 | E106: Lyon | F106: =IF(COUNTIF($A:$A,A106)=1,"UNICO","DUPLICADO") -> UNICO
A107: 106 | B107: Oscar Evans | C107: oscar.evans@example.com | D107: 44564 | F107: =IF(COUNTIF($A:$A,A107)=1,"UNICO","DUPLICADO") -> UNICO
A108: 107 | B108: Jade Davis | C108: jade.davis@example.com | D108: 44110 | E108: Manila | F108: =IF(COUNTIF($A:$A,A108)=1,"UNICO","DUPLICADO") -> UNICO
A109: 108 | B109: Lucas Larsen | C109: lucas.larsen@example.org | D109: 43852 | E109: Lima | F109: =IF(COUNTIF($A:$A,A109)=1,"UNICO","DUPLICADO") -> UNICO
A110: 109 | B110: Maja Ruiz | C110: maja.ruiz@example.com | D110: 44184 | F110: =IF(COUNTIF($A:$A,A110)=1,"UNICO","DUPLICADO") -> UNICO
A111: 110 | B111: Nour Yilmaz | C111: nour.yilmaz@example.org | D111: 44819 | E111: Delhi | F111: =IF(COUNTIF($A:$A,A111)=1,"UNICO","DUPLICADO") -> UNICO
A112: 111 | B112: Hannah Smith | C112: hannah.smith@example.org | D112: 44731 | E112: Chicago | F112: =IF(COUNTIF($A:$A,A112)=1,"UNICO","DUPLICADO") -> UNICO
A113: 112 | B113: Liam Singh | C113: liam.singh@example.net | D113: 44180 | E113: Berlin | F113: =IF(COUNTIF($A:$A,A113)=1,"UNICO","DUPLICADO") -> UNICO
A114: 113 | B114: Nour Rossi | C114: nour.rossi@example.org | D114: 44307 | E114: Barcelona | F114: =IF(COUNTIF($A:$A,A114)=1,"UNICO","DUPLICADO") -> UNICO
A115: 114 | B115: Andre Andersen | C115: andre.andersen@example.net | D115: 44592 | E115: Seattle | F115: =IF(COUNTIF($A:$A,A115)=1,"UNICO","DUPLICADO") -> UNICO
A116: 115 | B116: Julia Gomez | C116: julia.gomez@example.org | D116: 44548 | E116: Taipei | F116: =IF(COUNTIF($A:$A,A116)=1,"UNICO","DUPLICADO") -> UNICO
A117: 116 | B117: Leo Shah | C117: leo.shah@example.com | D117: 43942 | E117: Mumbai | F117: =IF(COUNTIF($A:$A,A117)=1,"UNICO","DUPLICADO") -> UNICO
A118: 117 | B118: Felix Brown | C118: felix.brown@example.org | D118: 44483 | E118: Ankara | F118: =IF(COUNTIF($A:$A,A118)=1,"UNICO","DUPLICADO") -> UNICO
...

Sheet Orders
A1: id | B1: customer_id | C1: order_date | D1: total_amount | E1: quantity | F1: discount_amount | G1: validacion_cliente | H1: control_id
A2: 1 | B2: 114 | C2: 44246.388 | D2: 4801.04 | E2: 51 | F2: 336.32 | G2: =IF(COUNTIF(Customers!$A$2:$A$1000,B2)>0,"OK","REVISAR") -> OK | H2: =IF(COUNTIF($A:$A,A2)=1,"UNICO","DUPLICADO") -> UNICO
A3: 2 | B3: 18 | C3: 44814.401 | D3: 4653.26 | E3: 62 | F3: 8.11 | G3: =IF(COUNTIF(Customers!$A$2:$A$1000,B3)>0,"OK","REVISAR") -> OK | H3: =IF(COUNTIF($A:$A,A3)=1,"UNICO","DUPLICADO") -> UNICO
A4: 3 | B4: 164 | C4: 44899.571 | D4: 10.01 | E4: 63 | F4: 55.91 | G4: =IF(COUNTIF(Customers!$A$2:$A$1000,B4)>0,"OK","REVISAR") -> OK | H4: =IF(COUNTIF($A:$A,A4)=1,"UNICO","DUPLICADO") -> UNICO
A5: 4 | B5: 215 | C5: 44580.084 | D5: 29.39 | E5: 36 | F5: 298.34 | G5: =IF(COUNTIF(Customers!$A$2:$A$1000,B5)>0,"OK","REVISAR") -> OK | H5: =IF(COUNTIF($A:$A,A5)=1,"UNICO","DUPLICADO") -> UNICO
A6: 5 | B6: 88 | C6: 44918.683 | D6: 733.33 | E6: 53 | F6: 153.20 | G6: =IF(COUNTIF(Customers!$A$2:$A$1000,B6)>0,"OK","REVISAR") -> OK | H6: =IF(COUNTIF($A:$A,A6)=1,"UNICO","DUPLICADO") -> UNICO
A7: 6 | B7: 73 | C7: 44509.376 | D7: 803.09 | E7: 27 | F7: 124.04 | G7: =IF(COUNTIF(Customers!$A$2:$A$1000,B7)>0,"OK","REVISAR") -> OK | H7: =IF(COUNTIF($A:$A,A7)=1,"UNICO","DUPLICADO") -> UNICO
A8: 7 | B8: 129 | C8: 44808.554 | D8: 29.99 | E8: 35 | F8: 10.07 | G8: =IF(COUNTIF(Customers!$A$2:$A$1000,B8)>0,"OK","REVISAR") -> OK | H8: =IF(COUNTIF($A:$A,A8)=1,"UNICO","DUPLICADO") -> UNICO
A9: 8 | B9: 137 | C9: 44739.556 | D9: 3024.74 | E9: 44 | F9: 0.18 | G9: =IF(COUNTIF(Customers!$A$2:$A$1000,B9)>0,"OK","REVISAR") -> OK | H9: =IF(COUNTIF($A:$A,A9)=1,"UNICO","DUPLICADO") -> UNICO
A10: 9 | B10: 204 | C10: 44457.497 | D10: 4034.03 | E10: 55 | F10: 388.69 | G10: =IF(COUNTIF(Customers!$A$2:$A$1000,B10)>0,"OK","REVISAR") -> OK | H10: =IF(COUNTIF($A:$A,A10)=1,"UNICO","DUPLICADO") -> UNICO
A11: 10 | B11: 16 | C11: 44552.61 | D11: 1708.86 | E11: 47 | F11: 351.28 | G11: =IF(COUNTIF(Customers!$A$2:$A$1000,B11)>0,"OK","REVISAR") -> OK | H11: =IF(COUNTIF($A:$A,A11)=1,"UNICO","DUPLICADO") -> UNICO
A12: 11 | B12: 13 | C12: 44652.822 | D12: 2498.86 | E12: 26 | F12: 136.52 | G12: =IF(COUNTIF(Customers!$A$2:$A$1000,B12)>0,"OK","REVISAR") -> OK | H12: =IF(COUNTIF($A:$A,A12)=1,"UNICO","DUPLICADO") -> UNICO
A13: 12 | B13: 214 | C13: 44694.67 | D13: 57.07 | E13: 43 | F13: 485.04 | G13: =IF(COUNTIF(Customers!$A$2:$A$1000,B13)>0,"OK","REVISAR") -> OK | H13: =IF(COUNTIF($A:$A,A13)=1,"UNICO","DUPLICADO") -> UNICO
... A20: 19 | B20: 88 | C20: 44271.485 | D20: 2299.27 | E20: 48 | F20: 7.58 | G20: =IF(COUNTIF(Customers!$A$2:$A$1000,B20)>0,"OK","REVISAR") -> OK | H20: =IF(COUNTIF($A:$A,A20)=1,"UNICO","DUPLICADO") -> UNICO
A21: 20 | B21: 131 | C21: 44905.316 | E21: 34 | F21: 264.94 | G21: =IF(COUNTIF(Customers!$A$2:$A$1000,B21)>0,"OK","REVISAR") -> OK | H21: =IF(COUNTIF($A:$A,A21)=1,"UNICO","DUPLICADO") -> UNICO
A22: 21 | B22: 146 | C22: 44739.39 | D22: 431.66 | E22: 52 | F22: 442.16 | G22: =IF(COUNTIF(Customers!$A$2:$A$1000,B22)>0,"OK","REVISAR") -> OK | H22: =IF(COUNTIF($A:$A,A22)=1,"UNICO","DUPLICADO") -> UNICO
A23: 22 | B23: 150 | C23: 44527.72 | D23: 1719.18 | E23: 44 | F23: 311.39 | G23: =IF(COUNTIF(Customers!$A$2:$A$1000,B23)>0,"OK","REVISAR") -> OK | H23: =IF(COUNTIF($A:$A,A23)=1,"UNICO","DUPLICADO") -> UNICO
A24: 23 | B24: 171 | C24: 44573.591 | E24: 62 | F24: 205.03 | G24: =IF(COUNTIF(Customers!$A$2:$A$1000,B24)>0,"OK","REVISAR") -> OK | H24: =IF(COUNTIF($A:$A,A24)=1,"UNICO","DUPLICADO") -> UNICO
A25: 24 | B25: 160 | C25: 44360.708 | D25: 1878.62 | E25: 59 | F25: 39.01 | G25: =IF(COUNTIF(Customers!$A$2:$A$1000,B25)>0,"OK","REVISAR") -> OK | H25: =IF(COUNTIF($A:$A,A25)=1,"UNICO","DUPLICADO") -> UNICO
A26: 25 | B26: 247 | C26: 44728.36 | D26: 31.52 | E26: 38 | F26: 428.07 | G26: =IF(COUNTIF(Customers!$A$2:$A$1000,B26)>0,"OK","REVISAR") -> OK | H26: =IF(COUNTIF($A:$A,A26)=1,"UNICO","DUPLICADO") -> UNICO
A27: 26 | B27: 141 | C27: 44813.685 | D27: 4794.59 | E27: 39 | F27: 74.24 | G27: =IF(COUNTIF(Customers!$A$2:$A$1000,B27)>0,"OK","REVISAR") -> OK | H27: =IF(COUNTIF($A:$A,A27)=1,"UNICO","DUPLICADO") -> UNICO
A28: 27 | B28: 153 | C28: 44750.724 | D28: 343.66 | E28: 68 | F28: 327.85 | G28: =IF(COUNTIF(Customers!$A$2:$A$1000,B28)>0,"OK","REVISAR") -> OK | H28: =IF(COUNTIF($A:$A,A28)=1,"UNICO","DUPLICADO") -> UNICO
A29: 28 | B29: 203 | C29: 44353.069 | D29: 336.89 | E29: 58 | F29: 83.79 | G29: =IF(COUNTIF(Customers!$A$2:$A$1000,B29)>0,"OK","REVISAR") -> OK | H29: =IF(COUNTIF($A:$A,A29)=1,"UNICO","DUPLICADO") -> UNICO
A30: 29 | B30: 224 | C30: 44323.487 | D30: 17.77 | E30: 63 | F30: 477.61 | G30: =IF(COUNTIF(Customers!$A$2:$A$1000,B30)>0,"OK","REVISAR") -> OK | H30: =IF(COUNTIF($A:$A,A30)=1,"UNICO","DUPLICADO") -> UNICO
A31: 30 | B31: 118 | C31: 44877.58 | D31: 16.20 | E31: 63 | F31: 394.92 | G31: =IF(COUNTIF(Customers!$A$2:$A$1000,B31)>0,"OK","REVISAR") -> OK | H31: =IF(COUNTIF($A:$A,A31)=1,"UNICO","DUPLICADO") -> UNICO
A32: 31 | B32: 164 | C32: 44381.633 | D32: 2193.56 | E32: 68 | F32: 31.82 | G32: =IF(COUNTIF(Customers!$A$2:$A$1000,B32)>0,"OK","REVISAR") -> OK | H32: =IF(COUNTIF($A:$A,A32)=1,"UNICO","DUPLICADO") -> UNICO
A33: 32 | B33: 28 | C33: 44525.526 | D33: 4219.57 | E33: 58 | F33: 246.57 | G33: =IF(COUNTIF(Customers!$A$2:$A$1000,B33)>0,"OK","REVISAR") -> OK | H33: =IF(COUNTIF($A:$A,A33)=1,"UNICO","DUPLICADO") -> UNICO
A34: 33 | B34: 86 | C34: 44663.808 | D34: 24.00 | E34: 33 | F34: 123.99 | G34: =IF(COUNTIF(Customers!$A$2:$A$1000,B34)>0,"OK","REVISAR") -> OK | H34: =IF(COUNTIF($A:$A,A34)=1,"UNICO","DUPLICADO") -> UNICO
A35: 34 | B35: 10 | C35: 44734.573 | D35: 193.52 | E35: 46 | F35: 1.41 | G35: =IF(COUNTIF(Customers!$A$2:$A$1000,B35)>0,"OK","REVISAR") -> OK | H35: =IF(COUNTIF($A:$A,A35)=1,"UNICO","DUPLICADO") -> UNICO
A36: 35 | B36: 55 | C36: 44669.495 | D36: 38.03 | E36: 66 | F36: 108.14 | G36: =IF(COUNTIF(Customers!$A$2:$A$1000,B36)>0,"OK","REVISAR") -> OK | H36: =IF(COUNTIF($A:$A,A36)=1,"UNICO","DUPLICADO") -> UNICO
... A45: 44 | B45: 138 | C45: 44454.601 | D45: 4887.30 | E45: 70 | F45: 194.89 | G45: =IF(COUNTIF(Customers!$A$2:$A$1000,B45)>0,"OK","REVISAR") -> OK | H45: =IF(COUNTIF($A:$A,A45)=1,"UNICO","DUPLICADO") -> UNICO
A46: 45 | B46: 246 | C46: 44921.692 | E46: 64 | F46: 485.53 | G46: =IF(COUNTIF(Customers!$A$2:$A$1000,B46)>0,"OK","REVISAR") -> OK | H46: =IF(COUNTIF($A:$A,A46)=1,"UNICO","DUPLICADO") -> UNICO
A47: 46 | B47: 7 | C47: 44370.608 | D47: 4273.47 | E47: 31 | F47: 47.11 | G47: =IF(COUNTIF(Customers!$A$2:$A$1000,B47)>0,"OK","REVISAR") -> OK | H47: =IF(COUNTIF($A:$A,A47)=1,"UNICO","DUPLICADO") -> UNICO
A48: 47 | B48: 186 | C48: 44795.706 | D48: 21.52 | E48: 58 | F48: 453.13 | G48: =IF(COUNTIF(Customers!$A$2:$A$1000,B48)>0,"OK","REVISAR") -> OK | H48: =IF(COUNTIF($A:$A,A48)=1,"UNICO","DUPLICADO") -> UNICO
A49: 48 | B49: 227 | C49: 44832.82 | D49: 3486.81 | E49: 17 | F49: 310.02 | G49: =IF(COUNTIF(Customers!$A$2:$A$1000,B49)>0,"OK","REVISAR") -> OK | H49: =IF(COUNTIF($A:$A,A49)=1,"UNICO","DUPLICADO") -> UNICO
A50: 49 | B50: 36 | C50: 44589.449 | D50: 12.73 | E50: 64 | F50: 36.52 | G50: =IF(COUNTIF(Customers!$A$2:$A$1000,B50)>0,"OK","REVISAR") -> OK | H50: =IF(COUNTIF($A:$A,A50)=1,"UNICO","DUPLICADO") -> UNICO
A51: 50 | B51: 87 | C51: 44500.676 | D51: 11.54 | E51: 47 | F51: 271.02 | G51: =IF(COUNTIF(Customers!$A$2:$A$1000,B51)>0,"OK","REVISAR") -> OK | H51: =IF(COUNTIF($A:$A,A51)=1,"UNICO","DUPLICADO") -> UNICO
A52: 51 | B52: 57 | C52: 44212.397 | D52: 831.64 | E52: 59 | F52: 0.14 | G52: =IF(COUNTIF(Customers!$A$2:$A$1000,B52)>0,"OK","REVISAR") -> OK | H52: =IF(COUNTIF($A:$A,A52)=1,"UNICO","DUPLICADO") -> UNICO
A53: 52 | B53: 236 | C53: 44730.387 | D53: 278.16 | E53: 39 | F53: 34.62 | G53: =IF(COUNTIF(Customers!$A$2:$A$1000,B53)>0,"OK","REVISAR") -> OK | H53: =IF(COUNTIF($A:$A,A53)=1,"UNICO","DUPLICADO") -> UNICO
A54: 53 | B54: 6 | C54: 44555.305 | D54: 32.20 | E54: 42 | F54: 62.10 | G54: =IF(COUNTIF(Customers!$A$2:$A$1000,B54)>0,"OK","REVISAR") -> OK | H54: =IF(COUNTIF($A:$A,A54)=1,"UNICO","DUPLICADO") -> UNICO
A55: 54 | B55: 187 | C55: 44521.545 | D55: 3218.68 | E55: 54 | F55: 5.52 | G55: =IF(COUNTIF(Customers!$A$2:$A$1000,B55)>0,"OK","REVISAR") -> OK | H55: =IF(COUNTIF($A:$A,A55)=1,"UNICO","DUPLICADO") -> UNICO
A56: 55 | B56: 6 | C56: 44464.429 | D56: 10.00 | E56: 67 | F56: 83.88 | G56: =IF(COUNTIF(Customers!$A$2:$A$1000,B56)>0,"OK","REVISAR") -> OK | H56: =IF(COUNTIF($A:$A,A56)=1,"UNICO","DUPLICADO") -> UNICO
A57: 56 | B57: 250 | C57: 44837.254 | E57: 29 | F57: 34.60 | G57: =IF(COUNTIF(Customers!$A$2:$A$1000,B57)>0,"OK","REVISAR") -> OK | H57: =IF(COUNTIF($A:$A,A57)=1,"UNICO","DUPLICADO") -> UNICO
A58: 57 | B58: 155 | C58: 44591.736 | D58: 2948.08 | E58: 44 | F58: 75.27 | G58: =IF(COUNTIF(Customers!$A$2:$A$1000,B58)>0,"OK","REVISAR") -> OK | H58: =IF(COUNTIF($A:$A,A58)=1,"UNICO","DUPLICADO") -> UNICO
A59: 58 | B59: 71 | C59: 44315.716 | E59: 15 | F59: 154.84 | G59: =IF(COUNTIF(Customers!$A$2:$A$1000,B59)>0,"OK","REVISAR") -> OK | H59: =IF(COUNTIF($A:$A,A59)=1,"UNICO","DUPLICADO") -> UNICO
A60: 59 | B60: 167 | C60: 44702.727 | D60: 2836.83 | E60: 56 | F60: 491.85 | G60: =IF(COUNTIF(Customers!$A$2:$A$1000,B60)>0,"OK","REVISAR") -> OK | H60: =IF(COUNTIF($A:$A,A60)=1,"UNICO","DUPLICADO") -> UNICO
A61: 60 | B61: 104 | C61: 44766.539 | D61: 800.85 | E61: 86 | F61: 371.13 | G61: =IF(COUNTIF(Customers!$A$2:$A$1000,B61)>0,"OK","REVISAR") -> OK | H61: =IF(COUNTIF($A:$A,A61)=1,"UNICO","DUPLICADO") -> UNICO
A62: 61 | B62: 227 | C62: 44202.951 | D62: 2271.81 | E62: 17 | F62: 67.27 | G62: =IF(COUNTIF(Customers!$A$2:$A$1000,B62)>0,"OK","REVISAR") -> OK | H62: =IF(COUNTIF($A:$A,A62)=1,"UNICO","DUPLICADO") -> UNICO
A63: 62 | B63: 3 | C63: 44319.538 | D63: 439.32 | E63: 71 | F63: 499.06 | G63: =IF(COUNTIF(Customers!$A$2:$A$1000,B63)>0,"OK","REVISAR") -> OK | H63: =IF(COUNTIF($A:$A,A63)=1,"UNICO","DUPLICADO") -> UNICO
A64: 63 | B64: 47 | C64: 44565.744 | D64: 15.99 | E64: 41 | F64: 163.89 | G64: =IF(COUNTIF(Customers!$A$2:$A$1000,B64)>0,"OK","REVISAR") -> OK | H64: =IF(COUNTIF($A:$A,A64)=1,"UNICO","DUPLICADO") -> UNICO
A65: 64 | B65: 237 | C65: 44527.652 | D65: 33.93 | E65: 66 | F65: 136.49 | G65: =IF(COUNTIF(Customers!$A$2:$A$1000,B65)>0,"OK","REVISAR") -> OK | H65: =IF(COUNTIF($A:$A,A65)=1,"UNICO","DUPLICADO") -> UNICO
A66: 65 | B66: 157 | C66: 44438.423 | D66: 792.66 | E66: 54 | F66: 58.86 | G66: =IF(COUNTIF(Customers!$A$2:$A$1000,B66)>0,"OK","REVISAR") -> OK | H66: =IF(COUNTIF($A:$A,A66)=1,"UNICO","DUPLICADO") -> UNICO
A67: 66 | B67: 4 | C67: 44398.46 | D67: 1812.39 | E67: 47 | F67: 30.13 | G67: =IF(COUNTIF(Customers!$A$2:$A$1000,B67)>0,"OK","REVISAR") -> OK | H67: =IF(COUNTIF($A:$A,A67)=1,"UNICO","DUPLICADO") -> UNICO
A68: 67 | B68: 165 | C68: 44539.665 | D68: 3382.11 | E68: 57 | F68: 236.53 | G68: =IF(COUNTIF(Customers!$A$2:$A$1000,B68)>0,"OK","REVISAR") -> OK | H68: =IF(COUNTIF($A:$A,A68)=1,"UNICO","DUPLICADO") -> UNICO
A69: 68 | B69: 204 | C69: 44569.578 | D69: 59.10 | E69: 53 | F69: 173.71 | G69: =IF(COUNTIF(Customers!$A$2:$A$1000,B69)>0,"OK","REVISAR") -> OK | H69: =IF(COUNTIF($A:$A,A69)=1,"UNICO","DUPLICADO") -> UNICO
A70: 69 | B70: 77 | C70: 44427.442 | D70: 97.14 | E70: 27 | F70: 295.74 | G70: =IF(COUNTIF(Customers!$A$2:$A$1000,B70)>0,"OK","REVISAR") -> OK | H70: =IF(COUNTIF($A:$A,A70)=1,"UNICO","DUPLICADO") -> UNICO
A71: 70 | B71: 59 | C71: 44211.447 | E71: 24 | F71: 42.25 | G71: =IF(COUNTIF(Customers!$A$2:$A$1000,B71)>0,"OK","REVISAR") -> OK | H71: =IF(COUNTIF($A:$A,A71)=1,"UNICO","DUPLICADO") -> UNICO
A72: 71 | B72: 6 | C72: 44533.478 | D72: 1109.71 | E72: 52 | F72: 255.54 | G72: =IF(COUNTIF(Customers!$A$2:$A$1000,B72)>0,"OK","REVISAR") -> OK | H72: =IF(COUNTIF($A:$A,A72)=1,"UNICO","DUPLICADO") -> UNICO
A73: 72 | B73: 157 | C73: 44766.642 | D73: 2712.65 | E73: 42 | F73: 1.23 | G73: =IF(COUNTIF(Customers!$A$2:$A$1000,B73)>0,"OK","REVISAR") -> OK | H73: =IF(COUNTIF($A:$A,A73)=1,"UNICO","DUPLICADO") -> UNICO
A74: 73 | B74: 7 | C74: 44347.653 | D74: 1579.45 | E74: 73 | F74: 409.88 | G74: =IF(COUNTIF(Customers!$A$2:$A$1000,B74)>0,"OK","REVISAR") -> OK | H74: =IF(COUNTIF($A:$A,A74)=1,"UNICO","DUPLICADO") -> UNICO
A75: 74 | B75: 116 | C75: 44571.565 | D75: 4898.88 | E75: 48 | F75: 26.27 | G75: =IF(COUNTIF(Customers!$A$2:$A$1000,B75)>0,"OK","REVISAR") -> OK | H75: =IF(COUNTIF($A:$A,A75)=1,"UNICO","DUPLICADO") -> UNICO
A76: 75 | B76: 159 | C76: 44321.977 | D76: 32.78 | E76: 37 | F76: 231.36 | G76: =IF(COUNTIF(Customers!$A$2:$A$1000,B76)>0,"OK","REVISAR") -> OK | H76: =IF(COUNTIF($A:$A,A76)=1,"UNICO","DUPLICADO") -> UNICO
A77: 76 | B77: 222 | C77: 44600.474 | D77: 214.03 | E77: 31 | F77: 97.72 | G77: =IF(COUNTIF(Customers!$A$2:$A$1000,B77)>0,"OK","REVISAR") -> OK | H77: =IF(COUNTIF($A:$A,A77)=1,"UNICO","DUPLICADO") -> UNICO
A78: 77 | B78: 125 | C78: 44283.689 | D78: 11.40 | E78: 47 | F78: 326.52 | G78: =IF(COUNTIF(Customers!$A$2:$A$1000,B78)>0,"OK","REVISAR") -> OK | H78: =IF(COUNTIF($A:$A,A78)=1,"UNICO","DUPLICADO") -> UNICO
A79: 78 | B79: 205 | C79: 44500.458 | D79: 369.74 | E79: 21 | F79: 300.42 | G79: =IF(COUNTIF(Customers!$A$2:$A$1000,B79)>0,"OK","REVISAR") -> OK | H79: =IF(COUNTIF($A:$A,A79)=1,"UNICO","DUPLICADO") -> UNICO
A80: 79 | B80: 142 | C80: 44785.524 | D80: 10.06 | E80: 31 | F80: 353.68 | G80: =IF(COUNTIF(Customers!$A$2:$A$1000,B80)>0,"OK","REVISAR") -> OK | H80: =IF(COUNTIF($A:$A,A80)=1,"UNICO","DUPLICADO") -> UNICO
A81: 80 | B81: 239 | C81: 44224.631 | D81: 602.68 | E81: 53 | F81: 105.90 | G81: =IF(COUNTIF(Customers!$A$2:$A$1000,B81)>0,"OK","REVISAR") -> OK | H81: =IF(COUNTIF($A:$A,A81)=1,"UNICO","DUPLICADO") -> UNICO
A82: 81 | B82: 119 | C82: 44258.583 | E82: 47 | F82: 19.14 | G82: =IF(COUNTIF(Customers!$A$2:$A$1000,B82)>0,"OK","REVISAR") -> OK | H82: =IF(COUNTIF($A:$A,A82)=1,"UNICO","DUPLICADO") -> UNICO
A83: 82 | B83: 209 | C83: 44295.564 | E83: 46 | F83: 205.97 | G83: =IF(COUNTIF(Customers!$A$2:$A$1000,B83)>0,"OK","REVISAR") -> OK | H83: =IF(COUNTIF($A:$A,A83)=1,"UNICO","DUPLICADO") -> UNICO
A84: 83 | B84: 210 | C84: 44699.746 | D84: 1354.97 | E84: 81 | F84: 15.01 | G84: =IF(COUNTIF(Customers!$A$2:$A$1000,B84)>0,"OK","REVISAR") -> OK | H84: =IF(COUNTIF($A:$A,A84)=1,"UNICO","DUPLICADO") -> UNICO
A85: 84 | B85: 173 | C85: 44754.286 | D85: 738.32 | E85: 59 | F85: 59.01 | G85: =IF(COUNTIF(Customers!$A$2:$A$1000,B85)>0,"OK","REVISAR") -> OK | H85: =IF(COUNTIF($A:$A,A85)=1,"UNICO","DUPLICADO") -> UNICO
A86: 85 | B86: 3 | C86: 44428.604 | D86: 372.83 | E86: 37 | F86: 89.87 | G86: =IF(COUNTIF(Customers!$A$2:$A$1000,B86)>0,"OK","REVISAR") -> OK | H86: =IF(COUNTIF($A:$A,A86)=1,"UNICO","DUPLICADO") -> UNICO
A87: 86 | B87: 150 | C87: 44644.674 | D87: 1593.67 | E87: 51 | F87: 1.53 | G87: =IF(COUNTIF(Customers!$A$2:$A$1000,B87)>0,"OK","REVISAR") -> OK | H87: =IF(COUNTIF($A:$A,A87)=1,"UNICO","DUPLICADO") -> UNICO
A88: 87 | B88: 7 | C88: 44925.431 | D88: 1960.84 | E88: 39 | F88: 466.64 | G88: =IF(COUNTIF(Customers!$A$2:$A$1000,B88)>0,"OK","REVISAR") -> OK | H88: =IF(COUNTIF($A:$A,A88)=1,"UNICO","DUPLICADO") -> UNICO
A89: 88 | B89: 222 | C89: 44859.426 | D89: 303.16 | E89: 61 | F89: 257.65 | G89: =IF(COUNTIF(Customers!$A$2:$A$1000,B89)>0,"OK","REVISAR") -> OK | H89: =IF(COUNTIF($A:$A,A89)=1,"UNICO","DUPLICADO") -> UNICO
A90: 89 | B90: 189 | C90: 44259.634 | D90: 2173.99 | E90: 42 | F90: 15.40 | G90: =IF(COUNTIF(Customers!$A$2:$A$1000,B90)>0,"OK","REVISAR") -> OK | H90: =IF(COUNTIF($A:$A,A90)=1,"UNICO","DUPLICADO") -> UNICO
A91: 90 | B91: 80 | C91: 44270.679 | D91: 585.35 | E91: 31 | F91: 65.56 | G91: =IF(COUNTIF(Customers!$A$2:$A$1000,B91)>0,"OK","REVISAR") -> OK | H91: =IF(COUNTIF($A:$A,A91)=1,"UNICO","DUPLICADO") -> UNICO
A92: 91 | B92: 74 | C92: 44760.398 | D92: 1216.87 | E92: 68 | F92: 2.66 | G92: =IF(COUNTIF(Customers!$A$2:$A$1000,B92)>0,"OK","REVISAR") -> OK | H92: =IF(COUNTIF($A:$A,A92)=1,"UNICO","DUPLICADO") -> UNICO
A93: 92 | B93: 54 | C93: 44263.433 | D93: 444.01 | E93: 46 | F93: 1.54 | G93: =IF(COUNTIF(Customers!$A$2:$A$1000,B93)>0,"OK","REVISAR") -> OK | H93: =IF(COUNTIF($A:$A,A93)=1,"UNICO","DUPLICADO") -> UNICO
A94: 93 | B94: 71 | C94: 44491.339 | D94: 547.08 | E94: 30 | F94: 20.62 | G94: =IF(COUNTIF(Customers!$A$2:$A$1000,B94)>0,"OK","REVISAR") -> OK | H94: =IF(COUNTIF($A:$A,A94)=1,"UNICO","DUPLICADO") -> UNICO
A95: 94 | B95: 128 | C95: 44831.752 | D95: 1121.08 | E95: 55 | F95: 112.26 | G95: =IF(COUNTIF(Customers!$A$2:$A$1000,B95)>0,"OK","REVISAR") -> OK | H95: =IF(COUNTIF($A:$A,A95)=1,"UNICO","DUPLICADO") -> UNICO
... A102: 101 | B102: 173 | C102: 44807.42 | D102: 3870.95 | E102: 45 | F102: 37.03 | G102: =IF(COUNTIF(Customers!$A$2:$A$1000,B102)>0,"OK","REVISAR") -> OK | H102: =IF(COUNTIF($A:$A,A102)=1,"UNICO","DUPLICADO") -> UNICO
A103: 102 | B103: 203 | C103: 44705.482 | E103: 47 | F103: 67.62 | G103: =IF(COUNTIF(Customers!$A$2:$A$1000,B103)>0,"OK","REVISAR") -> OK | H103: =IF(COUNTIF($A:$A,A103)=1,"UNICO","DUPLICADO") -> UNICO
A104: 103 | B104: 150 | C104: 44539.647 | D104: 40.43 | E104: 52 | F104: 243.27 | G104: =IF(COUNTIF(Customers!$A$2:$A$1000,B104)>0,"OK","REVISAR") -> OK | H104: =IF(COUNTIF($A:$A,A104)=1,"UNICO","DUPLICADO") -> UNICO
A105: 104 | B105: 113 | C105: 44416.463 | D105: 562.10 | E105: 52 | F105: 354.68 | G105: =IF(COUNTIF(Customers!$A$2:$A$1000,B105)>0,"OK","REVISAR") -> OK | H105: =IF(COUNTIF($A:$A,A105)=1,"UNICO","DUPLICADO") -> UNICO
A106: 105 | B106: 9 | C106: 44837.33 | D106: 53.65 | E106: 87 | F106: 112.17 | G106: =IF(COUNTIF(Customers!$A$2:$A$1000,B106)>0,"OK","REVISAR") -> OK | H106: =IF(COUNTIF($A:$A,A106)=1,"UNICO","DUPLICADO") -> UNICO
A107: 106 | B107: 204 | C107: 44747.407 | D107: 269.28 | E107: 67 | F107: 415.14 | G107: =IF(COUNTIF(Customers!$A$2:$A$1000,B107)>0,"OK","REVISAR") -> OK | H107: =IF(COUNTIF($A:$A,A107)=1,"UNICO","DUPLICADO") -> UNICO
A108: 107 | B108: 221 | C108: 44628.71 | D108: 140.63 | E108: 30 | F108: 294.65 | G108: =IF(COUNTIF(Customers!$A$2:$A$1000,B108)>0,"OK","REVISAR") -> OK | H108: =IF(COUNTIF($A:$A,A108)=1,"UNICO","DUPLICADO") -> UNICO
A109: 108 | B109: 128 | C109: 44716.519 | D109: 507.64 | E109: 49 | F109: 0.14 | G109: =IF(COUNTIF(Customers!$A$2:$A$1000,B109)>0,"OK","REVISAR") -> OK | H109: =IF(COUNTIF($A:$A,A109)=1,"UNICO","DUPLICADO") -> UNICO
A110: 109 | B110: 250 | C110: 44469.661 | D110: 1482.36 | E110: 59 | F110: 414.42 | G110: =IF(COUNTIF(Customers!$A$2:$A$1000,B110)>0,"OK","REVISAR") -> OK | H110: =IF(COUNTIF($A:$A,A110)=1,"UNICO","DUPLICADO") -> UNICO
A111: 110 | B111: 183 | C111: 44465.592 | D111: 3248.67 | E111: 45 | F111: 84.43 | G111: =IF(COUNTIF(Customers!$A$2:$A$1000,B111)>0,"OK","REVISAR") -> OK | H111: =IF(COUNTIF($A:$A,A111)=1,"UNICO","DUPLICADO") -> UNICO
A112: 111 | B112: 61 | C112: 44633.45 | D112: 169.76 | E112: 40 | F112: 239.72 | G112: =IF(COUNTIF(Customers!$A$2:$A$1000,B112)>0,"OK","REVISAR") -> OK | H112: =IF(COUNTIF($A:$A,A112)=1,"UNICO","DUPLICADO") -> UNICO
A113: 112 | B113: 90 | C113: 44253.604 | D113: 259.33 | E113: 46 | F113: 353.77 | G113: =IF(COUNTIF(Customers!$A$2:$A$1000,B113)>0,"OK","REVISAR") -> OK | H113: =IF(COUNTIF($A:$A,A113)=1,"UNICO","DUPLICADO") -> UNICO
A114: 113 | B114: 162 | C114: 44477.672 | D114: 3984.79 | E114: 65 | F114: 1.90 | G114: =IF(COUNTIF(Customers!$A$2:$A$1000,B114)>0,"OK","REVISAR") -> OK | H114: =IF(COUNTIF($A:$A,A114)=1,"UNICO","DUPLICADO") -> UNICO
A115: 114 | B115: 92 | C115: 44369.037 | D115: 243.39 | E115: 65 | F115: 13.85 | G115: =IF(COUNTIF(Customers!$A$2:$A$1000,B115)>0,"OK","REVISAR") -> OK | H115: =IF(COUNTIF($A:$A,A115)=1,"UNICO","DUPLICADO") -> UNICO
... A117: 116 | B117: 101 | C117: 44581.542 | D117: 10.73 | E117: 42 | F117: 68.16 | G117: =IF(COUNTIF(Customers!$A$2:$A$1000,B117)>0,"OK","REVISAR") -> OK | H117: =IF(COUNTIF($A:$A,A117)=1,"UNICO","DUPLICADO") -> UNICO
A118: 117 | B118: 127 | C118: 44487.427 | E118: 47 | F118: 82.58 | G118: =IF(COUNTIF(Customers!$A$2:$A$1000,B118)>0,"OK","REVISAR") -> OK | H118: =IF(COUNTIF($A:$A,A118)=1,"UNICO","DUPLICADO") -> UNICO
A119: 118 | B119: 201 | C119: 44648.424 | D119: 4578.94 | E119: 38 | F119: 29.25 | G119: =IF(COUNTIF(Customers!$A$2:$A$1000,B119)>0,"OK","REVISAR") -> OK | H119: =IF(COUNTIF($A:$A,A119)=1,"UNICO","DUPLICADO") -> UNICO
A120: 119 | B120: 135 | C120: 44770.95 | D120: 1610.17 | E120: 27 | F120: 399.04 | G120: =IF(COUNTIF(Customers!$A$2:$A$1000,B120)>0,"OK","REVISAR") -> OK | H120: =IF(COUNTIF($A:$A,A120)=1,"UNICO","DUPLICADO") -> UNICO
A121: 120 | B121: 3 | C121: 44369.537 | D121: 564.64 | E121: 23 | F121: 12.97 | G121: =IF(COUNTIF(Customers!$A$2:$A$1000,B121)>0,"OK","REVISAR") -> OK | H121: =IF(COUNTIF($A:$A,A121)=1,"UNICO","DUPLICADO") -> UNICO
...

Sheet Payments
A1: id | B1: order_id | C1: payment_method | D1: payment_date | E1: transaction_fee | F1: validation_order | G1: control_id
A2: 1 | B2: 42 | C2: PayPal | D2: 44493.374 | E2: 40.07 | F2: =IF(COUNTIF(Orders!$A$2:$A$1000,B2)>0,"OK","REVISAR") -> OK | G2: =IF(COUNTIF($A:$A,A2)=1,"UNICO","DUPLICADO") -> UNICO
A3: 2 | B3: 206 | C3: PayPal | D3: 44200.505 | E3: 10.17 | F3: =IF(COUNTIF(Orders!$A$2:$A$1000,B3)>0,"OK","REVISAR") -> OK | G3: =IF(COUNTIF($A:$A,A3)=1,"UNICO","DUPLICADO") -> UNICO
A4: 3 | B4: 420 | C4: Gift Card | D4: 44537.656 | E4: 2.54 | F4: =IF(COUNTIF(Orders!$A$2:$A$1000,B4)>0,"OK","REVISAR") -> OK | G4: =IF(COUNTIF($A:$A,A4)=1,"UNICO","DUPLICADO") -> UNICO
A5: 4 | B5: 284 | C5: Credit Card | D5: 44761.499 | E5: 46.73 | F5: =IF(COUNTIF(Orders!$A$2:$A$1000,B5)>0,"OK","REVISAR") -> OK | G5: =IF(COUNTIF($A:$A,A5)=1,"UNICO","DUPLICADO") -> UNICO
A6: 5 | B6: 427 | C6: Bank Transfer | D6: 44275.39 | E6: 19.77 | F6: =IF(COUNTIF(Orders!$A$2:$A$1000,B6)>0,"OK","REVISAR") -> OK | G6: =IF(COUNTIF($A:$A,A6)=1,"UNICO","DUPLICADO") -> UNICO
A7: 6 | B7: 424 | C7: Gift Card | D7: 44539.572 | E7: 0.80 | F7: =IF(COUNTIF(Orders!$A$2:$A$1000,B7)>0,"OK","REVISAR") -> OK | G7: =IF(COUNTIF($A:$A,A7)=1,"UNICO","DUPLICADO") -> UNICO
A8: 7 | B8: 577 | C8: Credit Card | D8: 44359.672 | E8: 41.81 | F8: =IF(COUNTIF(Orders!$A$2:$A$1000,B8)>0,"OK","REVISAR") -> OK | G8: =IF(COUNTIF($A:$A,A8)=1,"UNICO","DUPLICADO") -> UNICO
A9: 8 | B9: 453 | C9: Gift Card | D9: 44235.503 | E9: 41.73 | F9: =IF(COUNTIF(Orders!$A$2:$A$1000,B9)>0,"OK","REVISAR") -> OK | G9: =IF(COUNTIF($A:$A,A9)=1,"UNICO","DUPLICADO") -> UNICO
A10: 9 | B10: 270 | C10: Credit Card | D10: 44870.463 | E10: 13.14 | F10: =IF(COUNTIF(Orders!$A$2:$A$1000,B10)>0,"OK","REVISAR") -> OK | G10: =IF(COUNTIF($A:$A,A10)=1,"UNICO","DUPLICADO") -> UNICO
A11: 10 | B11: 393 | C11: PayPal | D11: 44659.368 | E11: 32.81 | F11: =IF(COUNTIF(Orders!$A$2:$A$1000,B11)>0,"OK","REVISAR") -> OK | G11: =IF(COUNTIF($A:$A,A11)=1,"UNICO","DUPLICADO") -> UNICO
A12: 11 | B12: 591 | C12: Gift Card | D12: 44513.454 | E12: 33.72 | F12: =IF(COUNTIF(Orders!$A$2:$A$1000,B12)>0,"OK","REVISAR") -> OK | G12: =IF(COUNTIF($A:$A,A12)=1,"UNICO","DUPLICADO") -> UNICO
A13: 12 | B13: 233 | C13: Credit Card | D13: 44659.726 | E13: 31.21 | F13: =IF(COUNTIF(Orders!$A$2:$A$1000,B13)>0,"OK","REVISAR") -> OK | G13: =IF(COUNTIF($A:$A,A13)=1,"UNICO","DUPLICADO") -> UNICO
... A601: 600 | B601: 302 | C601: PayPal | D601: 44845.53 | E601: 37.00 | F601: =IF(COUNTIF(Orders!$A$2:$A$1000,B601)>0,"OK","REVISAR") -> OK | G601: =IF(COUNTIF($A:$A,A601)=1,"UNICO","DUPLICADO") -> UNICO

Sheet Products
A1: id | B1: product_name | C1: category_id | D1: price | E1: stock_quantity | F1: rating | G1: validation_category | H1: control_id
A2: 1 | B2: toy | C2: 3 | D2: 1901.24 | E2: 559 | F2: 5 | G2: =IF(COUNTIF(Categories!$A$2:$A$1000,C2)>0,"OK","REVISAR") -> OK | H2: =IF(COUNTIF($A:$A,A2)=1,"UNICO","DUPLICADO") -> UNICO
A3: 2 | B3: software game gear | C3: 9 | D3: 36.21 | E3: 621 | F3: 4 | G3: =IF(COUNTIF(Categories!$A$2:$A$1000,C3)>0,"OK","REVISAR") -> OK | H3: =IF(COUNTIF($A:$A,A3)=1,"UNICO","DUPLICADO") -> UNICO
A4: 3 | B4: book | C4: 6 | D4: 1849.76 | E4: 535 | F4: 3 | G4: =IF(COUNTIF(Categories!$A$2:$A$1000,C4)>0,"OK","REVISAR") -> OK | H4: =IF(COUNTIF($A:$A,A4)=1,"UNICO","DUPLICADO") -> UNICO
A5: 4 | B5: appliance | C5: 3 | D5: 215.26 | E5: 629 | G5: =IF(COUNTIF(Categories!$A$2:$A$1000,C5)>0,"OK","REVISAR") -> OK | H5: =IF(COUNTIF($A:$A,A5)=1,"UNICO","DUPLICADO") -> UNICO
A6: 5 | B6: hardware kitchenware | C6: 9 | D6: 1797.51 | E6: 429 | F6: 3 | G6: =IF(COUNTIF(Categories!$A$2:$A$1000,C6)>0,"OK","REVISAR") -> OK | H6: =IF(COUNTIF($A:$A,A6)=1,"UNICO","DUPLICADO") -> UNICO
A7: 6 | B7: jewelry game | C7: 4 | E7: 378 | F7: 2 | G7: =IF(COUNTIF(Categories!$A$2:$A$1000,C7)>0,"OK","REVISAR") -> OK | H7: =IF(COUNTIF($A:$A,A7)=1,"UNICO","DUPLICADO") -> UNICO
A8: 7 | B8: book kitchenware hardware | C8: 10 | D8: 387.03 | E8: 472 | F8: 4 | G8: =IF(COUNTIF(Categories!$A$2:$A$1000,C8)>0,"OK","REVISAR") -> OK | H8: =IF(COUNTIF($A:$A,A8)=1,"UNICO","DUPLICADO") -> UNICO
A9: 8 | B9: gadget | C9: 6 | D9: 7.35 | E9: 451 | F9: 5 | G9: =IF(COUNTIF(Categories!$A$2:$A$1000,C9)>0,"OK","REVISAR") -> OK | H9: =IF(COUNTIF($A:$A,A9)=1,"UNICO","DUPLICADO") -> UNICO
A10: 9 | B10: jewelry product accessory | C10: 8 | D10: 953.63 | E10: 782 | F10: 2 | G10: =IF(COUNTIF(Categories!$A$2:$A$1000,C10)>0,"OK","REVISAR") -> OK | H10: =IF(COUNTIF($A:$A,A10)=1,"UNICO","DUPLICADO") -> UNICO
A11: 10 | B11: tool cosmetic | C11: 8 | D11: 799.39 | E11: 577 | F11: 5 | G11: =IF(COUNTIF(Categories!$A$2:$A$1000,C11)>0,"OK","REVISAR") -> OK | H11: =IF(COUNTIF($A:$A,A11)=1,"UNICO","DUPLICADO") -> UNICO
A12: 11 | B12: item accessory | C12: 9 | D12: 1029.83 | E12: 587 | F12: 4 | G12: =IF(COUNTIF(Categories!$A$2:$A$1000,C12)>0,"OK","REVISAR") -> OK | H12: =IF(COUNTIF($A:$A,A12)=1,"UNICO","DUPLICADO") -> UNICO
A13: 12 | B13: hardware | C13: 5 | D13: 988.41 | E13: 602 | F13: 5 | G13: =IF(COUNTIF(Categories!$A$2:$A$1000,C13)>0,"OK","REVISAR") -> OK | H13: =IF(COUNTIF($A:$A,A13)=1,"UNICO","DUPLICADO") -> UNICO
A14: 13 | B14: appliance cosmetic gear | C14: 1 | D14: 1767.29 | E14: 572 | F14: 5 | G14: =IF(COUNTIF(Categories!$A$2:$A$1000,C14)>0,"OK","REVISAR") -> OK | H14: =IF(COUNTIF($A:$A,A14)=1,"UNICO","DUPLICADO") -> UNICO
A15: 14 | B15: footwear | C15: 6 | E15: 555 | F15: 2 | G15: =IF(COUNTIF(Categories!$A$2:$A$1000,C15)>0,"OK","REVISAR") -> OK | H15: =IF(COUNTIF($A:$A,A15)=1,"UNICO","DUPLICADO") -> UNICO
A16: 15 | B16: footwear hardware item | C16: 8 | D16: 992.54 | E16: 702 | F16: 5 | G16: =IF(COUNTIF(Categories!$A$2:$A$1000,C16)>0,"OK","REVISAR") -> OK | H16: =IF(COUNTIF($A:$A,A16)=1,"UNICO","DUPLICADO") -> UNICO
A17: 16 | B17: kitchenware product | C17: 10 | D17: 94.92 | E17: 475 | F17: 4 | G17: =IF(COUNTIF(Categories!$A$2:$A$1000,C17)>0,"OK","REVISAR") -> OK | H17: =IF(COUNTIF($A:$A,A17)=1,"UNICO","DUPLICADO") -> UNICO
A18: 17 | B18: hardware | C18: 10 | D18: 897.92 | E18: 564 | F18: 3 | G18: =IF(COUNTIF(Categories!$A$2:$A$1000,C18)>0,"OK","REVISAR") -> OK | H18: =IF(COUNTIF($A:$A,A18)=1,"UNICO","DUPLICADO") -> UNICO
A19: 18 | B19: jewelry | C19: 10 | D19: 1412.52 | E19: 628 | F19: 5 | G19: =IF(COUNTIF(Categories!$A$2:$A$1000,C19)>0,"OK","REVISAR") -> OK | H19: =IF(COUNTIF($A:$A,A19)=1,"UNICO","DUPLICADO") -> UNICO
A20: 19 | B20: stationery | C20: 10 | D20: 315.81 | E20: 372 | F20: 3 | G20: =IF(COUNTIF(Categories!$A$2:$A$1000,C20)>0,"OK","REVISAR") -> OK | H20: =IF(COUNTIF($A:$A,A20)=1,"UNICO","DUPLICADO") -> UNICO
A21: 20 | B21: tool | C21: 3 | D21: 315.16 | E21: 671 | F21: 2 | G21: =IF(COUNTIF(Categories!$A$2:$A$1000,C21)>0,"OK","REVISAR") -> OK | H21: =IF(COUNTIF($A:$A,A21)=1,"UNICO","DUPLICADO") -> UNICO
A22: 21 | B22: book tool | C22: 2 | D22: 717.55 | E22: 356 | F22: 5 | G22: =IF(COUNTIF(Categories!$A$2:$A$1000,C22)>0,"OK","REVISAR") -> OK | H22: =IF(COUNTIF($A:$A,A22)=1,"UNICO","DUPLICADO") -> UNICO
A23: 22 | B23: clothing appliance book | C23: 5 | D23: 1792.92 | E23: 592 | G23: =IF(COUNTIF(Categories!$A$2:$A$1000,C23)>0,"OK","REVISAR") -> OK | H23: =IF(COUNTIF($A:$A,A23)=1,"UNICO","DUPLICADO") -> UNICO
A24: 23 | B24: stationery software | C24: 1 | D24: 635.90 | E24: 339 | F24: 5 | G24: =IF(COUNTIF(Categories!$A$2:$A$1000,C24)>0,"OK","REVISAR") -> OK | H24: =IF(COUNTIF($A:$A,A24)=1,"UNICO","DUPLICADO") -> UNICO
A25: 24 | B25: product gear | C25: 8 | D25: 555.22 | E25: 454 | F25: 3 | G25: =IF(COUNTIF(Categories!$A$2:$A$1000,C25)>0,"OK","REVISAR") -> OK | H25: =IF(COUNTIF($A:$A,A25)=1,"UNICO","DUPLICADO") -> UNICO
A26: 25 | B26: widget gadget gear | C26: 3 | D26: 1125.15 | E26: 418 | F26: 2 | G26: =IF(COUNTIF(Categories!$A$2:$A$1000,C26)>0,"OK","REVISAR") -> OK | H26: =IF(COUNTIF($A:$A,A26)=1,"UNICO","DUPLICADO") -> UNICO
A27: 26 | B27: game item furniture | C27: 8 | D27: 1287.75 | E27: 309 | F27: 3 | G27: =IF(COUNTIF(Categories!$A$2:$A$1000,C27)>0,"OK","REVISAR") -> OK | H27: =IF(COUNTIF($A:$A,A27)=1,"UNICO","DUPLICADO") -> UNICO
A28: 27 | B28: kitchenware stationery game | C28: 7 | D28: 791.05 | E28: 640 | F28: 2 | G28: =IF(COUNTIF(Categories!$A$2:$A$1000,C28)>0,"OK","REVISAR") -> OK | H28: =IF(COUNTIF($A:$A,A28)=1,"UNICO","DUPLICADO") -> UNICO
A29: 28 | B29: software widget game | C29: 1 | D29: 5.32 | E29: 553 | F29: 5 | G29: =IF(COUNTIF(Categories!$A$2:$A$1000,C29)>0,"OK","REVISAR") -> OK | H29: =IF(COUNTIF($A:$A,A29)=1,"UNICO","DUPLICADO") -> UNICO
A30: 29 | B30: gadget product jewelry | C30: 6 | D30: 639.56 | E30: 513 | F30: 2 | G30: =IF(COUNTIF(Categories!$A$2:$A$1000,C30)>0,"OK","REVISAR") -> OK | H30: =IF(COUNTIF($A:$A,A30)=1,"UNICO","DUPLICADO") -> UNICO
A31: 30 | B31: game widget | C31: 1 | D31: 1138.45 | E31: 389 | F31: 4 | G31: =IF(COUNTIF(Categories!$A$2:$A$1000,C31)>0,"OK","REVISAR") -> OK | H31: =IF(COUNTIF($A:$A,A31)=1,"UNICO","DUPLICADO") -> UNICO
A32: 31 | B32: gadget tool book | C32: 2 | D32: 117.53 | E32: 585 | F32: 4 | G32: =IF(COUNTIF(Categories!$A$2:$A$1000,C32)>0,"OK","REVISAR") -> OK | H32: =IF(COUNTIF($A:$A,A32)=1,"UNICO","DUPLICADO") -> UNICO
A33: 32 | B33: stationery | C33: 5 | D33: 1951.83 | E33: 386 | F33: 5 | G33: =IF(COUNTIF(Categories!$A$2:$A$1000,C33)>0,"OK","REVISAR") -> OK | H33: =IF(COUNTIF($A:$A,A33)=1,"UNICO","DUPLICADO") -> UNICO
A34: 33 | B34: book widget kitchenware | C34: 4 | D34: 11.02 | E34: 504 | F34: 2 | G34: =IF(COUNTIF(Categories!$A$2:$A$1000,C34)>0,"OK","REVISAR") -> OK | H34: =IF(COUNTIF($A:$A,A34)=1,"UNICO","DUPLICADO") -> UNICO
A35: 34 | B35: footwear gear | C35: 9 | D35: 472.49 | E35: 432 | F35: 5 | G35: =IF(COUNTIF(Categories!$A$2:$A$1000,C35)>0,"OK","REVISAR") -> OK | H35: =IF(COUNTIF($A:$A,A35)=1,"UNICO","DUPLICADO") -> UNICO
... A45: 44 | B45: kitchenware appliance | C45: 9 | D45: 20.80 | E45: 400 | F45: 5 | G45: =IF(COUNTIF(Categories!$A$2:$A$1000,C45)>0,"OK","REVISAR") -> OK | H45: =IF(COUNTIF($A:$A,A45)=1,"UNICO","DUPLICADO") -> UNICO
A46: 45 | B46: book jewelry | C46: 7 | E46: 540 | F46: 5 | G46: =IF(COUNTIF(Categories!$A$2:$A$1000,C46)>0,"OK","REVISAR") -> OK | H46: =IF(COUNTIF($A:$A,A46)=1,"UNICO","DUPLICADO") -> UNICO
A47: 46 | B47: game item clothing | C47: 5 | D47: 108.96 | E47: 865 | F47: 2 | G47: =IF(COUNTIF(Categories!$A$2:$A$1000,C47)>0,"OK","REVISAR") -> OK | H47: =IF(COUNTIF($A:$A,A47)=1,"UNICO","DUPLICADO") -> UNICO
A48: 47 | B48: widget | C48: 8 | D48: 155.84 | E48: 320 | F48: 5 | G48: =IF(COUNTIF(Categories!$A$2:$A$1000,C48)>0,"OK","REVISAR") -> OK | H48: =IF(COUNTIF($A:$A,A48)=1,"UNICO","DUPLICADO") -> UNICO
A49: 48 | B49: gadget hardware | C49: 10 | D49: 222.12 | E49: 471 | F49: 4 | G49: =IF(COUNTIF(Categories!$A$2:$A$1000,C49)>0,"OK","REVISAR") -> OK | H49: =IF(COUNTIF($A:$A,A49)=1,"UNICO","DUPLICADO") -> UNICO
A50: 49 | B50: game jewelry | C50: 7 | E50: 378 | F50: 3 | G50: =IF(COUNTIF(Categories!$A$2:$A$1000,C50)>0,"OK","REVISAR") -> OK | H50: =IF(COUNTIF($A:$A,A50)=1,"UNICO","DUPLICADO") -> UNICO
A51: 50 | B51: accessory clothing | C51: 9 | E51: 466 | F51: 4 | G51: =IF(COUNTIF(Categories!$A$2:$A$1000,C51)>0,"OK","REVISAR") -> OK | H51: =IF(COUNTIF($A:$A,A51)=1,"UNICO","DUPLICADO") -> UNICO
A52: 51 | B52: book product cosmetic | C52: 3 | D52: 83.34 | E52: 448 | G52: =IF(COUNTIF(Categories!$A$2:$A$1000,C52)>0,"OK","REVISAR") -> OK | H52: =IF(COUNTIF($A:$A,A52)=1,"UNICO","DUPLICADO") -> UNICO
A53: 52 | B53: software | C53: 3 | D53: 7.23 | E53: 604 | F53: 4 | G53: =IF(COUNTIF(Categories!$A$2:$A$1000,C53)>0,"OK","REVISAR") -> OK | H53: =IF(COUNTIF($A:$A,A53)=1,"UNICO","DUPLICADO") -> UNICO
A54: 53 | B54: stationery | C54: 2 | D54: 571.94 | E54: 303 | F54: 5 | G54: =IF(COUNTIF(Categories!$A$2:$A$1000,C54)>0,"OK","REVISAR") -> OK | H54: =IF(COUNTIF($A:$A,A54)=1,"UNICO","DUPLICADO") -> UNICO
A55: 54 | B55: game footwear | C55: 10 | D55: 68.58 | E55: 493 | F55: 5 | G55: =IF(COUNTIF(Categories!$A$2:$A$1000,C55)>0,"OK","REVISAR") -> OK | H55: =IF(COUNTIF($A:$A,A55)=1,"UNICO","DUPLICADO") -> UNICO
A56: 55 | B56: widget gear | C56: 10 | D56: 1289.88 | E56: 339 | G56: =IF(COUNTIF(Categories!$A$2:$A$1000,C56)>0,"OK","REVISAR") -> OK | H56: =IF(COUNTIF($A:$A,A56)=1,"UNICO","DUPLICADO") -> UNICO
A57: 56 | B57: hardware kitchenware tool | C57: 3 | D57: 1464.22 | E57: 751 | F57: 2 | G57: =IF(COUNTIF(Categories!$A$2:$A$1000,C57)>0,"OK","REVISAR") -> OK | H57: =IF(COUNTIF($A:$A,A57)=1,"UNICO","DUPLICADO") -> UNICO
A58: 57 | B58: item software device | C58: 2 | D58: 5.06 | E58: 527 | F58: 2 | G58: =IF(COUNTIF(Categories!$A$2:$A$1000,C58)>0,"OK","REVISAR") -> OK | H58: =IF(COUNTIF($A:$A,A58)=1,"UNICO","DUPLICADO") -> UNICO
A59: 58 | B59: toy accessory cosmetic | C59: 3 | D59: 410.63 | E59: 542 | G59: =IF(COUNTIF(Categories!$A$2:$A$1000,C59)>0,"OK","REVISAR") -> OK | H59: =IF(COUNTIF($A:$A,A59)=1,"UNICO","DUPLICADO") -> UNICO
A60: 59 | B60: item kitchenware appliance | C60: 9 | D60: 1692.28 | E60: 577 | F60: 2 | G60: =IF(COUNTIF(Categories!$A$2:$A$1000,C60)>0,"OK","REVISAR") -> OK | H60: =IF(COUNTIF($A:$A,A60)=1,"UNICO","DUPLICADO") -> UNICO
A61: 60 | B61: clothing item | C61: 8 | D61: 68.49 | E61: 709 | F61: 2 | G61: =IF(COUNTIF(Categories!$A$2:$A$1000,C61)>0,"OK","REVISAR") -> OK | H61: =IF(COUNTIF($A:$A,A61)=1,"UNICO","DUPLICADO") -> UNICO
A62: 61 | B62: toy footwear tool | C62: 9 | D62: 1150.25 | E62: 509 | F62: 4 | G62: =IF(COUNTIF(Categories!$A$2:$A$1000,C62)>0,"OK","REVISAR") -> OK | H62: =IF(COUNTIF($A:$A,A62)=1,"UNICO","DUPLICADO") -> UNICO
A63: 62 | B63: game gadget jewelry | C63: 10 | D63: 5.49 | E63: 354 | F63: 3 | G63: =IF(COUNTIF(Categories!$A$2:$A$1000,C63)>0,"OK","REVISAR") -> OK | H63: =IF(COUNTIF($A:$A,A63)=1,"UNICO","DUPLICADO") -> UNICO
A64: 63 | B64: appliance | C64: 10 | D64: 406.88 | E64: 416 | F64: 3 | G64: =IF(COUNTIF(Categories!$A$2:$A$1000,C64)>0,"OK","REVISAR") -> OK | H64: =IF(COUNTIF($A:$A,A64)=1,"UNICO","DUPLICADO") -> UNICO
A65: 64 | B65: product book appliance | C65: 2 | D65: 1969.43 | E65: 464 | F65: 5 | G65: =IF(COUNTIF(Categories!$A$2:$A$1000,C65)>0,"OK","REVISAR") -> OK | H65: =IF(COUNTIF($A:$A,A65)=1,"UNICO","DUPLICADO") -> UNICO
A66: 65 | B66: hardware kitchenware gadget | C66: 5 | D66: 37.50 | E66: 493 | F66: 3 | G66: =IF(COUNTIF(Categories!$A$2:$A$1000,C66)>0,"OK","REVISAR") -> OK | H66: =IF(COUNTIF($A:$A,A66)=1,"UNICO","DUPLICADO") -> UNICO
A67: 66 | B67: clothing furniture | C67: 8 | D67: 839.97 | E67: 421 | F67: 5 | G67: =IF(COUNTIF(Categories!$A$2:$A$1000,C67)>0,"OK","REVISAR") -> OK | H67: =IF(COUNTIF($A:$A,A67)=1,"UNICO","DUPLICADO") -> UNICO
A68: 67 | B68: tool toy | C68: 7 | D68: 18.03 | E68: 326 | F68: 3 | G68: =IF(COUNTIF(Categories!$A$2:$A$1000,C68)>0,"OK","REVISAR") -> OK | H68: =IF(COUNTIF($A:$A,A68)=1,"UNICO","DUPLICADO") -> UNICO
A69: 68 | B69: widget jewelry | C69: 2 | D69: 653.75 | E69: 434 | F69: 5 | G69: =IF(COUNTIF(Categories!$A$2:$A$1000,C69)>0,"OK","REVISAR") -> OK | H69: =IF(COUNTIF($A:$A,A69)=1,"UNICO","DUPLICADO") -> UNICO
A70: 69 | B70: widget | C70: 2 | D70: 65.49 | E70: 465 | F70: 4 | G70: =IF(COUNTIF(Categories!$A$2:$A$1000,C70)>0,"OK","REVISAR") -> OK | H70: =IF(COUNTIF($A:$A,A70)=1,"UNICO","DUPLICADO") -> UNICO
A71: 70 | B71: widget | C71: 4 | D71: 891.19 | E71: 446 | F71: 5 | G71: =IF(COUNTIF(Categories!$A$2:$A$1000,C71)>0,"OK","REVISAR") -> OK | H71: =IF(COUNTIF($A:$A,A71)=1,"UNICO","DUPLICADO") -> UNICO
... A74: 73 | B74: product | C74: 7 | D74: 1611.69 | E74: 637 | F74: 5 | G74: =IF(COUNTIF(Categories!$A$2:$A$1000,C74)>0,"OK","REVISAR") -> OK | H74: =IF(COUNTIF($A:$A,A74)=1,"UNICO","DUPLICADO") -> UNICO
A75: 74 | B75: gear | C75: 1 | D75: 778.25 | E75: 628 | G75: =IF(COUNTIF(Categories!$A$2:$A$1000,C75)>0,"OK","REVISAR") -> OK | H75: =IF(COUNTIF($A:$A,A75)=1,"UNICO","DUPLICADO") -> UNICO
A76: 75 | B76: stationery | C76: 9 | D76: 112.17 | E76: 397 | F76: 4 | G76: =IF(COUNTIF(Categories!$A$2:$A$1000,C76)>0,"OK","REVISAR") -> OK | H76: =IF(COUNTIF($A:$A,A76)=1,"UNICO","DUPLICADO") -> UNICO
A77: 76 | B77: gadget | C77: 1 | D77: 118.21 | E77: 568 | F77: 1 | G77: =IF(COUNTIF(Categories!$A$2:$A$1000,C77)>0,"OK","REVISAR") -> OK | H77: =IF(COUNTIF($A:$A,A77)=1,"UNICO","DUPLICADO") -> UNICO
A78: 77 | B78: hardware kitchenware game | C78: 3 | D78: 5.04 | E78: 555 | F78: 4 | G78: =IF(COUNTIF(Categories!$A$2:$A$1000,C78)>0,"OK","REVISAR") -> OK | H78: =IF(COUNTIF($A:$A,A78)=1,"UNICO","DUPLICADO") -> UNICO
A79: 78 | B79: furniture gadget | C79: 5 | D79: 1417.91 | E79: 646 | F79: 4 | G79: =IF(COUNTIF(Categories!$A$2:$A$1000,C79)>0,"OK","REVISAR") -> OK | H79: =IF(COUNTIF($A:$A,A79)=1,"UNICO","DUPLICADO") -> UNICO
A80: 79 | B80: software stationery appliance | C80: 10 | D80: 1588.48 | E80: 433 | F80: 5 | G80: =IF(COUNTIF(Categories!$A$2:$A$1000,C80)>0,"OK","REVISAR") -> OK | H80: =IF(COUNTIF($A:$A,A80)=1,"UNICO","DUPLICADO") -> UNICO
A81: 80 | B81: jewelry clothing | C81: 1 | D81: 1201.46 | E81: 625 | F81: 5 | G81: =IF(COUNTIF(Categories!$A$2:$A$1000,C81)>0,"OK","REVISAR") -> OK | H81: =IF(COUNTIF($A:$A,A81)=1,"UNICO","DUPLICADO") -> UNICO
A82: 81 | B82: appliance | C82: 6 | D82: 306.56 | E82: 374 | F82: 3 | G82: =IF(COUNTIF(Categories!$A$2:$A$1000,C82)>0,"OK","REVISAR") -> OK | H82: =IF(COUNTIF($A:$A,A82)=1,"UNICO","DUPLICADO") -> UNICO
A83: 82 | B83: tool | C83: 4 | D83: 391.23 | E83: 420 | F83: 3 | G83: =IF(COUNTIF(Categories!$A$2:$A$1000,C83)>0,"OK","REVISAR") -> OK | H83: =IF(COUNTIF($A:$A,A83)=1,"UNICO","DUPLICADO") -> UNICO
A84: 83 | B84: hardware product widget | C84: 5 | D84: 880.64 | E84: 387 | F84: 5 | G84: =IF(COUNTIF(Categories!$A$2:$A$1000,C84)>0,"OK","REVISAR") -> OK | H84: =IF(COUNTIF($A:$A,A84)=1,"UNICO","DUPLICADO") -> UNICO
A85: 84 | B85: widget software | C85: 5 | D85: 1142.75 | E85: 284 | F85: 3 | G85: =IF(COUNTIF(Categories!$A$2:$A$1000,C85)>0,"OK","REVISAR") -> OK | H85: =IF(COUNTIF($A:$A,A85)=1,"UNICO","DUPLICADO") -> UNICO
A86: 85 | B86: toy | C86: 4 | D86: 10.78 | E86: 626 | F86: 2 | G86: =IF(COUNTIF(Categories!$A$2:$A$1000,C86)>0,"OK","REVISAR") -> OK | H86: =IF(COUNTIF($A:$A,A86)=1,"UNICO","DUPLICADO") -> UNICO
A87: 86 | B87: game software | C87: 4 | D87: 1256.85 | E87: 559 | F87: 4 | G87: =IF(COUNTIF(Categories!$A$2:$A$1000,C87)>0,"OK","REVISAR") -> OK | H87: =IF(COUNTIF($A:$A,A87)=1,"UNICO","DUPLICADO") -> UNICO
... A94: 93 | B94: hardware gear stationery | C94: 4 | D94: 8.18 | E94: 706 | F94: 5 | G94: =IF(COUNTIF(Categories!$A$2:$A$1000,C94)>0,"OK","REVISAR") -> OK | H94: =IF(COUNTIF($A:$A,A94)=1,"UNICO","DUPLICADO") -> UNICO
A95: 94 | B95: widget | C95: 4 | D95: 207.43 | E95: 408 | G95: =IF(COUNTIF(Categories!$A$2:$A$1000,C95)>0,"OK","REVISAR") -> OK | H95: =IF(COUNTIF($A:$A,A95)=1,"UNICO","DUPLICADO") -> UNICO
A96: 95 | B96: cosmetic | C96: 10 | D96: 1613.97 | E96: 536 | F96: 3 | G96: =IF(COUNTIF(Categories!$A$2:$A$1000,C96)>0,"OK","REVISAR") -> OK | H96: =IF(COUNTIF($A:$A,A96)=1,"UNICO","DUPLICADO") -> UNICO
A97: 96 | B97: toy | C97: 4 | D97: 538.85 | E97: 357 | F97: 4 | G97: =IF(COUNTIF(Categories!$A$2:$A$1000,C97)>0,"OK","REVISAR") -> OK | H97: =IF(COUNTIF($A:$A,A97)=1,"UNICO","DUPLICADO") -> UNICO
A98: 97 | B98: appliance gadget | C98: 3 | D98: 1213.08 | E98: 598 | F98: 2 | G98: =IF(COUNTIF(Categories!$A$2:$A$1000,C98)>0,"OK","REVISAR") -> OK | H98: =IF(COUNTIF($A:$A,A98)=1,"UNICO","DUPLICADO") -> UNICO
A99: 98 | B99: accessory | C99: 8 | D99: 144.13 | E99: 751 | F99: 3 | G99: =IF(COUNTIF(Categories!$A$2:$A$1000,C99)>0,"OK","REVISAR") -> OK | H99: =IF(COUNTIF($A:$A,A99)=1,"UNICO","DUPLICADO") -> UNICO
A100: 99 | B100: device appliance furniture | C100: 3 | E100: 630 | F100: 2 | G100: =IF(COUNTIF(Categories!$A$2:$A$1000,C100)>0,"OK","REVISAR") -> OK | H100: =IF(COUNTIF($A:$A,A100)=1,"UNICO","DUPLICADO") -> UNICO
A101: 100 | B101: gear | C101: 7 | D101: 330.79 | E101: 545 | F101: 4 | G101: =IF(COUNTIF(Categories!$A$2:$A$1000,C101)>0,"OK","REVISAR") -> OK | H101: =IF(COUNTIF($A:$A,A101)=1,"UNICO","DUPLICADO") -> UNICO
A102: 101 | B102: appliance | C102: 2 | D102: 948.83 | E102: 487 | F102: 5 | G102: =IF(COUNTIF(Categories!$A$2:$A$1000,C102)>0,"OK","REVISAR") -> OK | H102: =IF(COUNTIF($A:$A,A102)=1,"UNICO","DUPLICADO") -> UNICO
A103: 102 | B103: accessory cosmetic game | C103: 6 | D103: 182.70 | E103: 246 | F103: 5 | G103: =IF(COUNTIF(Categories!$A$2:$A$1000,C103)>0,"OK","REVISAR") -> OK | H103: =IF(COUNTIF($A:$A,A103)=1,"UNICO","DUPLICADO") -> UNICO
A104: 103 | B104: tool | C104: 10 | D104: 216.42 | E104: 327 | G104: =IF(COUNTIF(Categories!$A$2:$A$1000,C104)>0,"OK","REVISAR") -> OK | H104: =IF(COUNTIF($A:$A,A104)=1,"UNICO","DUPLICADO") -> UNICO
A105: 104 | B105: gear furniture | C105: 4 | D105: 24.69 | E105: 382 | F105: 5 | G105: =IF(COUNTIF(Categories!$A$2:$A$1000,C105)>0,"OK","REVISAR") -> OK | H105: =IF(COUNTIF($A:$A,A105)=1,"UNICO","DUPLICADO") -> UNICO
A106: 105 | B106: stationery | C106: 4 | D106: 680.84 | E106: 579 | F106: 5 | G106: =IF(COUNTIF(Categories!$A$2:$A$1000,C106)>0,"OK","REVISAR") -> OK | H106: =IF(COUNTIF($A:$A,A106)=1,"UNICO","DUPLICADO") -> UNICO
A107: 106 | B107: item | C107: 6 | D107: 434.78 | E107: 195 | F107: 5 | G107: =IF(COUNTIF(Categories!$A$2:$A$1000,C107)>0,"OK","REVISAR") -> OK | H107: =IF(COUNTIF($A:$A,A107)=1,"UNICO","DUPLICADO") -> UNICO
A108: 107 | B108: kitchenware product | C108: 1 | D108: 726.70 | E108: 591 | F108: 4 | G108: =IF(COUNTIF(Categories!$A$2:$A$1000,C108)>0,"OK","REVISAR") -> OK | H108: =IF(COUNTIF($A:$A,A108)=1,"UNICO","DUPLICADO") -> UNICO
A109: 108 | B109: appliance | C109: 4 | D109: 229.45 | E109: 700 | F109: 4 | G109: =IF(COUNTIF(Categories!$A$2:$A$1000,C109)>0,"OK","REVISAR") -> OK | H109: =IF(COUNTIF($A:$A,A109)=1,"UNICO","DUPLICADO") -> UNICO
A110: 109 | B110: furniture | C110: 4 | D110: 1375.48 | E110: 600 | F110: 5 | G110: =IF(COUNTIF(Categories!$A$2:$A$1000,C110)>0,"OK","REVISAR") -> OK | H110: =IF(COUNTIF($A:$A,A110)=1,"UNICO","DUPLICADO") -> UNICO
A111: 110 | B111: widget furniture | C111: 1 | D111: 270.70 | E111: 440 | F111: 4 | G111: =IF(COUNTIF(Categories!$A$2:$A$1000,C111)>0,"OK","REVISAR") -> OK | H111: =IF(COUNTIF($A:$A,A111)=1,"UNICO","DUPLICADO") -> UNICO
A112: 111 | B112: game | C112: 9 | E112: 486 | G112: =IF(COUNTIF(Categories!$A$2:$A$1000,C112)>0,"OK","REVISAR") -> OK | H112: =IF(COUNTIF($A:$A,A112)=1,"UNICO","DUPLICADO") -> UNICO
A113: 112 | B113: appliance item | C113: 7 | D113: 29.81 | E113: 568 | F113: 5 | G113: =IF(COUNTIF(Categories!$A$2:$A$1000,C113)>0,"OK","REVISAR") -> OK | H113: =IF(COUNTIF($A:$A,A113)=1,"UNICO","DUPLICADO") -> UNICO
A114: 113 | B114: accessory appliance widget | C114: 6 | D114: 1140.44 | E114: 557 | G114: =IF(COUNTIF(Categories!$A$2:$A$1000,C114)>0,"OK","REVISAR") -> OK | H114: =IF(COUNTIF($A:$A,A114)=1,"UNICO","DUPLICADO") -> UNICO
A115: 114 | B115: software | C115: 3 | D115: 1388.40 | E115: 803 | G115: =IF(COUNTIF(Categories!$A$2:$A$1000,C115)>0,"OK","REVISAR") -> OK | H115: =IF(COUNTIF($A:$A,A115)=1,"UNICO","DUPLICADO") -> UNICO
A116: 115 | B116: clothing cosmetic jewelry | C116: 9 | D116: 1122.89 | E116: 601 | F116: 5 | G116: =IF(COUNTIF(Categories!$A$2:$A$1000,C116)>0,"OK","REVISAR") -> OK | H116: =IF(COUNTIF($A:$A,A116)=1,"UNICO","DUPLICADO") -> UNICO
A117: 116 | B117: furniture | C117: 2 | D117: 55.47 | E117: 480 | F117: 3 | G117: =IF(COUNTIF(Categories!$A$2:$A$1000,C117)>0,"OK","REVISAR") -> OK | H117: =IF(COUNTIF($A:$A,A117)=1,"UNICO","DUPLICADO") -> UNICO
...

Sheet Categories
A1: id | B1: category_name | C1: category_description | D1: average_price | E1: control_id
A2: 1 | B2: grocery toys beauty | C2: automotive home grocery health books electronics beauty jewelry garden toys sports clothing | D2: 5.92 | E2: =IF(COUNTIF($A:$A,A2)=1,"UNICO","DUPLICADO") -> UNICO
A3: 2 | B3: jewelry | C3: home electronics garden toys jewelry books health clothing sports | D3: 8.04 | E3: =IF(COUNTIF($A:$A,A3)=1,"UNICO","DUPLICADO") -> UNICO
A4: 3 | B4: grocery health | C4: toys sports electronics home health automotive clothing beauty garden jewelry grocery books | D4: 168.31 | E4: =IF(COUNTIF($A:$A,A4)=1,"UNICO","DUPLICADO") -> UNICO
A5: 4 | B5: accessories furniture | C5: books beauty toys jewelry grocery health automotive | D5: 1326.96 | E5: =IF(COUNTIF($A:$A,A5)=1,"UNICO","DUPLICADO") -> UNICO
A6: 5 | B6: home beauty | C6: jewelry toys automotive health clothing electronics grocery home garden sports books beauty | D6: 440.26 | E6: =IF(COUNTIF($A:$A,A6)=1,"UNICO","DUPLICADO") -> UNICO
A7: 6 | B7: jewelry grocery | C7: sports beauty garden jewelry clothing electronics | D7: 106.91 | E7: =IF(COUNTIF($A:$A,A7)=1,"UNICO","DUPLICADO") -> UNICO
A8: 7 | C8: electronics health jewelry grocery toys clothing | D8: 5.01 | E8: =IF(COUNTIF($A:$A,A8)=1,"UNICO","DUPLICADO") -> UNICO
A9: 8 | B9: electronics software | C9: health grocery books toys sports garden automotive home jewelry clothing | D9: 1169.23 | E9: =IF(COUNTIF($A:$A,A9)=1,"UNICO","DUPLICADO") -> UNICO
A10: 9 | C10: clothing jewelry toys beauty books electronics automotive health grocery sports garden home | D10: 68.93 | E10: =IF(COUNTIF($A:$A,A10)=1,"UNICO","DUPLICADO") -> UNICO
A11: 10 | B11: software | C11: beauty jewelry toys electronics home garden | D11: 1938.18 | E11: =IF(COUNTIF($A:$A,A11)=1,"UNICO","DUPLICADO") -> UNICO
